user_id,username,password,email
1,an_lam_1,$2a$10$N9qo8uLOickgx2ZMRZoMyeIjZAgcfl7p92ldGxad68LJZdL17lhWy,an_lam_1@mrfood.local
2,HAL_L_TURGUT_2,$2a$10$N9qo8uLOickgx2ZMRZoMyeIjZAgcfl7p92ldGxad68LJZdL17lhWy,hal_l_turgut_2@mrfood.local
3,user_3_3,$2a$10$N9qo8uLOickgx2ZMRZoMyeIjZAgcfl7p92ldGxad68LJZdL17lhWy,user_3_3@mrfood.local
4,amey_kore_4,$2a$10$N9qo8uLOickgx2ZMRZoMyeIjZAgcfl7p92ldGxad68LJZdL17lhWy,amey_kore_4@mrfood.local
5,william_spindler_5,$2a$10$N9qo8uLOickgx2ZMRZoMyeIjZAgcfl7p92ldGxad68LJZdL17lhWy,william_spindler_5@mrfood.local
6,Jacquelyn_Dorris_6,$2a$10$N9qo8uLOickgx2ZMRZoMyeIjZAgcfl7p92ldGxad68LJZdL17lhWy,jacquelyn_dorris_6@mrfood.local
7,Bharti_Phand_7,$2a$10$N9qo8uLOickgx2ZMRZoMyeIjZAgcfl7p92ldGxad68LJZdL17lhWy,bharti_phand_7@mrfood.local
8,user_8_8,$2a$10$N9qo8uLOickgx2ZMRZoMyeIjZAgcfl7p92ldGxad68LJZdL17lhWy,user_8_8@mrfood.local
9,Sazidur_Rahman_9,$2a$10$N9qo8uLOickgx2ZMRZoMyeIjZAgcfl7p92ldGxad68LJZdL17lhWy,sazidur_rahman_9@mrfood.local
10,Malaba_Geoffrey_10,$2a$10$N9qo8uLOickgx2ZMRZoMyeIjZAgcfl7p92ldGxad68LJZdL17lhWy,malaba_geoffrey_10@mrfood.local
11,Mohammad_Usmani_11,$2a$10$N9qo8uLOickgx2ZMRZoMyeIjZAgcfl7p92ldGxad68LJZdL17lhWy,mohammad_usmani_11@mrfood.local
12,Johanna_S_12,$2a$10$N9qo8uLOickgx2ZMRZoMyeIjZAgcfl7p92ldGxad68LJZdL17lhWy,johanna_s_12@mrfood.local
13,Richard_Yocom_13,$2a$10$N9qo8uLOickgx2ZMRZoMyeIjZAgcfl7p92ldGxad68LJZdL17lhWy,richard_yocom_13@mrfood.local
14,Jackie_Harvilla_14,$2a$10$N9qo8uLOickgx2ZMRZoMyeIjZAgcfl7p92ldGxad68LJZdL17lhWy,jackie_harvilla_14@mrfood.local
15,Daniel_Galeana_15,$2a$10$N9qo8uLOickgx2ZMRZoMyeIjZAgcfl7p92ldGxad68LJZdL17lhWy,daniel_galeana_15@mrfood.local
16,George_LaMay_16,$2a$10$N9qo8uLOickgx2ZMRZoMyeIjZAgcfl7p92ldGxad68LJZdL17lhWy,george_lamay_16@mrfood.local
17,Aniello_Prezioso_17,$2a$10$N9qo8uLOickgx2ZMRZoMyeIjZAgcfl7p92ldGxad68LJZdL17lhWy,aniello_prezioso_17@mrfood.local
18,Renee_Brown_18,$2a$10$N9qo8uLOickgx2ZMRZoMyeIjZAgcfl7p92ldGxad68LJZdL17lhWy,renee_brown_18@mrfood.local
19,Vary_good_Tom_19,$2a$10$N9qo8uLOickgx2ZMRZoMyeIjZAgcfl7p92ldGxad68LJZdL17lhWy,vary_good_tom_19@mrfood.local
20,hary_zatnika_20,$2a$10$N9qo8uLOickgx2ZMRZoMyeIjZAgcfl7p92ldGxad68LJZdL17lhWy,hary_zatnika_20@mrfood.local
21,Mustafa_nathm_21,$2a$10$N9qo8uLOickgx2ZMRZoMyeIjZAgcfl7p92ldGxad68LJZdL17lhWy,mustafa_nathm_21@mrfood.local
22,Brissa_Jackeline_22,$2a$10$N9qo8uLOickgx2ZMRZoMyeIjZAgcfl7p92ldGxad68LJZdL17lhWy,brissa_jackeline_22@mrfood.local
23,Abdalla_Mhyo_23,$2a$10$N9qo8uLOickgx2ZMRZoMyeIjZAgcfl7p92ldGxad68LJZdL17lhWy,abdalla_mhyo_23@mrfood.local
24,Mostafa_Abdelaal_24,$2a$10$N9qo8uLOickgx2ZMRZoMyeIjZAgcfl7p92ldGxad68LJZdL17lhWy,mostafa_abdelaal_24@mrfood.local
25,Anne_Mason_25,$2a$10$N9qo8uLOickgx2ZMRZoMyeIjZAgcfl7p92ldGxad68LJZdL17lhWy,anne_mason_25@mrfood.local
26,ilhem_ily_26,$2a$10$N9qo8uLOickgx2ZMRZoMyeIjZAgcfl7p92ldGxad68LJZdL17lhWy,ilhem_ily_26@mrfood.local
27,Marouan_Benzrak_27,$2a$10$N9qo8uLOickgx2ZMRZoMyeIjZAgcfl7p92ldGxad68LJZdL17lhWy,marouan_benzrak_27@mrfood.local
28,Kevin_Wong_28,$2a$10$N9qo8uLOickgx2ZMRZoMyeIjZAgcfl7p92ldGxad68LJZdL17lhWy,kevin_wong_28@mrfood.local
29,Fernando_Fernandez_29,$2a$10$N9qo8uLOickgx2ZMRZoMyeIjZAgcfl7p92ldGxad68LJZdL17lhWy,fernando_fernandez_29@mrfood.local
30,William_Corcuera_30,$2a$10$N9qo8uLOickgx2ZMRZoMyeIjZAgcfl7p92ldGxad68LJZdL17lhWy,william_corcuera_30@mrfood.local
31,bob_monson_31,$2a$10$N9qo8uLOickgx2ZMRZoMyeIjZAgcfl7p92ldGxad68LJZdL17lhWy,bob_monson_31@mrfood.local
32,Gilles_Deschamps_32,$2a$10$N9qo8uLOickgx2ZMRZoMyeIjZAgcfl7p92ldGxad68LJZdL17lhWy,gilles_deschamps_32@mrfood.local
33,Thomas_Weingart_33,$2a$10$N9qo8uLOickgx2ZMRZoMyeIjZAgcfl7p92ldGxad68LJZdL17lhWy,thomas_weingart_33@mrfood.local
34,isabelle_durieux_34,$2a$10$N9qo8uLOickgx2ZMRZoMyeIjZAgcfl7p92ldGxad68LJZdL17lhWy,isabelle_durieux_34@mrfood.local
35,Joep_Straeten_35,$2a$10$N9qo8uLOickgx2ZMRZoMyeIjZAgcfl7p92ldGxad68LJZdL17lhWy,joep_straeten_35@mrfood.local
36,Chloe_Ballard_36,$2a$10$N9qo8uLOickgx2ZMRZoMyeIjZAgcfl7p92ldGxad68LJZdL17lhWy,chloe_ballard_36@mrfood.local
37,eli_montemayor_37,$2a$10$N9qo8uLOickgx2ZMRZoMyeIjZAgcfl7p92ldGxad68LJZdL17lhWy,eli_montemayor_37@mrfood.local
38,Sadanand_A_M_38,$2a$10$N9qo8uLOickgx2ZMRZoMyeIjZAgcfl7p92ldGxad68LJZdL17lhWy,sadanand_a_m_38@mrfood.local
39,Laura_Lyon_39,$2a$10$N9qo8uLOickgx2ZMRZoMyeIjZAgcfl7p92ldGxad68LJZdL17lhWy,laura_lyon_39@mrfood.local
40,user_40_40,$2a$10$N9qo8uLOickgx2ZMRZoMyeIjZAgcfl7p92ldGxad68LJZdL17lhWy,user_40_40@mrfood.local
41,Ashley_Craig_41,$2a$10$N9qo8uLOickgx2ZMRZoMyeIjZAgcfl7p92ldGxad68LJZdL17lhWy,ashley_craig_41@mrfood.local
42,adam_porto_42,$2a$10$N9qo8uLOickgx2ZMRZoMyeIjZAgcfl7p92ldGxad68LJZdL17lhWy,adam_porto_42@mrfood.local
43,Blu_Razor_43,$2a$10$N9qo8uLOickgx2ZMRZoMyeIjZAgcfl7p92ldGxad68LJZdL17lhWy,blu_razor_43@mrfood.local
44,isaqeu_jesus_44,$2a$10$N9qo8uLOickgx2ZMRZoMyeIjZAgcfl7p92ldGxad68LJZdL17lhWy,isaqeu_jesus_44@mrfood.local
45,g_icho_gonzalez_45,$2a$10$N9qo8uLOickgx2ZMRZoMyeIjZAgcfl7p92ldGxad68LJZdL17lhWy,g_icho_gonzalez_45@mrfood.local
46,amber_saulic_46,$2a$10$N9qo8uLOickgx2ZMRZoMyeIjZAgcfl7p92ldGxad68LJZdL17lhWy,amber_saulic_46@mrfood.local
47,Jason_Wagner_47,$2a$10$N9qo8uLOickgx2ZMRZoMyeIjZAgcfl7p92ldGxad68LJZdL17lhWy,jason_wagner_47@mrfood.local
48,Irene_Walden_48,$2a$10$N9qo8uLOickgx2ZMRZoMyeIjZAgcfl7p92ldGxad68LJZdL17lhWy,irene_walden_48@mrfood.local
49,Ray_Jacobs_49,$2a$10$N9qo8uLOickgx2ZMRZoMyeIjZAgcfl7p92ldGxad68LJZdL17lhWy,ray_jacobs_49@mrfood.local
50,Alan_Tower_50,$2a$10$N9qo8uLOickgx2ZMRZoMyeIjZAgcfl7p92ldGxad68LJZdL17lhWy,alan_tower_50@mrfood.local
51,user_51_51,$2a$10$N9qo8uLOickgx2ZMRZoMyeIjZAgcfl7p92ldGxad68LJZdL17lhWy,user_51_51@mrfood.local
52,Betsi_H_52,$2a$10$N9qo8uLOickgx2ZMRZoMyeIjZAgcfl7p92ldGxad68LJZdL17lhWy,betsi_h_52@mrfood.local
53,cozy_jarrett_53,$2a$10$N9qo8uLOickgx2ZMRZoMyeIjZAgcfl7p92ldGxad68LJZdL17lhWy,cozy_jarrett_53@mrfood.local
54,Bill_Baumgardner_Sr_54,$2a$10$N9qo8uLOickgx2ZMRZoMyeIjZAgcfl7p92ldGxad68LJZdL17lhWy,bill_baumgardner_sr_54@mrfood.local
55,slawomir_malczewski_55,$2a$10$N9qo8uLOickgx2ZMRZoMyeIjZAgcfl7p92ldGxad68LJZdL17lhWy,slawomir_malczewski_55@mrfood.local
56,Hermes_Luca_56,$2a$10$N9qo8uLOickgx2ZMRZoMyeIjZAgcfl7p92ldGxad68LJZdL17lhWy,hermes_luca_56@mrfood.local
57,Marce_Castro_57,$2a$10$N9qo8uLOickgx2ZMRZoMyeIjZAgcfl7p92ldGxad68LJZdL17lhWy,marce_castro_57@mrfood.local
58,Naveen_Chandra_Joshi_58,$2a$10$N9qo8uLOickgx2ZMRZoMyeIjZAgcfl7p92ldGxad68LJZdL17lhWy,naveen_chandra_joshi_58@mrfood.local
59,Bob_Heywood_59,$2a$10$N9qo8uLOickgx2ZMRZoMyeIjZAgcfl7p92ldGxad68LJZdL17lhWy,bob_heywood_59@mrfood.local
60,user_60_60,$2a$10$N9qo8uLOickgx2ZMRZoMyeIjZAgcfl7p92ldGxad68LJZdL17lhWy,user_60_60@mrfood.local
61,Tom_Cartwright_61,$2a$10$N9qo8uLOickgx2ZMRZoMyeIjZAgcfl7p92ldGxad68LJZdL17lhWy,tom_cartwright_61@mrfood.local
62,user_62_62,$2a$10$N9qo8uLOickgx2ZMRZoMyeIjZAgcfl7p92ldGxad68LJZdL17lhWy,user_62_62@mrfood.local
63,Cristina_P_63,$2a$10$N9qo8uLOickgx2ZMRZoMyeIjZAgcfl7p92ldGxad68LJZdL17lhWy,cristina_p_63@mrfood.local
64,felipe_martinez_64,$2a$10$N9qo8uLOickgx2ZMRZoMyeIjZAgcfl7p92ldGxad68LJZdL17lhWy,felipe_martinez_64@mrfood.local
65,Stephen_Huckle_65,$2a$10$N9qo8uLOickgx2ZMRZoMyeIjZAgcfl7p92ldGxad68LJZdL17lhWy,stephen_huckle_65@mrfood.local
66,Abinand_E_66,$2a$10$N9qo8uLOickgx2ZMRZoMyeIjZAgcfl7p92ldGxad68LJZdL17lhWy,abinand_e_66@mrfood.local
67,Narayanan_Nambudripad_67,$2a$10$N9qo8uLOickgx2ZMRZoMyeIjZAgcfl7p92ldGxad68LJZdL17lhWy,narayanan_nambudripad_67@mrfood.local
68,Rhonda_Chesson_68,$2a$10$N9qo8uLOickgx2ZMRZoMyeIjZAgcfl7p92ldGxad68LJZdL17lhWy,rhonda_chesson_68@mrfood.local
69,Zach_Ross_69,$2a$10$N9qo8uLOickgx2ZMRZoMyeIjZAgcfl7p92ldGxad68LJZdL17lhWy,zach_ross_69@mrfood.local
70,Pavel_Sysuyeu_70,$2a$10$N9qo8uLOickgx2ZMRZoMyeIjZAgcfl7p92ldGxad68LJZdL17lhWy,pavel_sysuyeu_70@mrfood.local
71,Ahmad_Syameel_Anuar_71,$2a$10$N9qo8uLOickgx2ZMRZoMyeIjZAgcfl7p92ldGxad68LJZdL17lhWy,ahmad_syameel_anuar_71@mrfood.local
72,Linda_Campbell_72,$2a$10$N9qo8uLOickgx2ZMRZoMyeIjZAgcfl7p92ldGxad68LJZdL17lhWy,linda_campbell_72@mrfood.local
73,eduardo_g_g_73,$2a$10$N9qo8uLOickgx2ZMRZoMyeIjZAgcfl7p92ldGxad68LJZdL17lhWy,eduardo_g_g_73@mrfood.local
74,Jay_Lee_74,$2a$10$N9qo8uLOickgx2ZMRZoMyeIjZAgcfl7p92ldGxad68LJZdL17lhWy,jay_lee_74@mrfood.local
75,Rashod_Chism_75,$2a$10$N9qo8uLOickgx2ZMRZoMyeIjZAgcfl7p92ldGxad68LJZdL17lhWy,rashod_chism_75@mrfood.local
76,Marcela_Avenda_o_Molina_76,$2a$10$N9qo8uLOickgx2ZMRZoMyeIjZAgcfl7p92ldGxad68LJZdL17lhWy,marcela_avenda_o_molina_76@mrfood.local
77,Jessica_Provenz_77,$2a$10$N9qo8uLOickgx2ZMRZoMyeIjZAgcfl7p92ldGxad68LJZdL17lhWy,jessica_provenz_77@mrfood.local
78,Valentino_Avram_78,$2a$10$N9qo8uLOickgx2ZMRZoMyeIjZAgcfl7p92ldGxad68LJZdL17lhWy,valentino_avram_78@mrfood.local
79,Fel_Medeiros_79,$2a$10$N9qo8uLOickgx2ZMRZoMyeIjZAgcfl7p92ldGxad68LJZdL17lhWy,fel_medeiros_79@mrfood.local
80,Jovane_Ximenes_80,$2a$10$N9qo8uLOickgx2ZMRZoMyeIjZAgcfl7p92ldGxad68LJZdL17lhWy,jovane_ximenes_80@mrfood.local
81,Bridget_Swanson_81,$2a$10$N9qo8uLOickgx2ZMRZoMyeIjZAgcfl7p92ldGxad68LJZdL17lhWy,bridget_swanson_81@mrfood.local
82,Faysal_Ahmed_82,$2a$10$N9qo8uLOickgx2ZMRZoMyeIjZAgcfl7p92ldGxad68LJZdL17lhWy,faysal_ahmed_82@mrfood.local
83,Abhijeet_Acharya_83,$2a$10$N9qo8uLOickgx2ZMRZoMyeIjZAgcfl7p92ldGxad68LJZdL17lhWy,abhijeet_acharya_83@mrfood.local
84,Regiane_Rodrigues_84,$2a$10$N9qo8uLOickgx2ZMRZoMyeIjZAgcfl7p92ldGxad68LJZdL17lhWy,regiane_rodrigues_84@mrfood.local
85,user_85_85,$2a$10$N9qo8uLOickgx2ZMRZoMyeIjZAgcfl7p92ldGxad68LJZdL17lhWy,user_85_85@mrfood.local
86,Adam_Perry_86,$2a$10$N9qo8uLOickgx2ZMRZoMyeIjZAgcfl7p92ldGxad68LJZdL17lhWy,adam_perry_86@mrfood.local
87,pazu_laputa_87,$2a$10$N9qo8uLOickgx2ZMRZoMyeIjZAgcfl7p92ldGxad68LJZdL17lhWy,pazu_laputa_87@mrfood.local
88,rea_imbruglia_88,$2a$10$N9qo8uLOickgx2ZMRZoMyeIjZAgcfl7p92ldGxad68LJZdL17lhWy,rea_imbruglia_88@mrfood.local
89,LaVaughn_Jarvis_89,$2a$10$N9qo8uLOickgx2ZMRZoMyeIjZAgcfl7p92ldGxad68LJZdL17lhWy,lavaughn_jarvis_89@mrfood.local
90,elicia_richardson_ellis_90,$2a$10$N9qo8uLOickgx2ZMRZoMyeIjZAgcfl7p92ldGxad68LJZdL17lhWy,elicia_richardson_ellis_90@mrfood.local
91,David_Cazalis_91,$2a$10$N9qo8uLOickgx2ZMRZoMyeIjZAgcfl7p92ldGxad68LJZdL17lhWy,david_cazalis_91@mrfood.local
92,Courtney_Rogers_92,$2a$10$N9qo8uLOickgx2ZMRZoMyeIjZAgcfl7p92ldGxad68LJZdL17lhWy,courtney_rogers_92@mrfood.local
93,Leti_McKellips_93,$2a$10$N9qo8uLOickgx2ZMRZoMyeIjZAgcfl7p92ldGxad68LJZdL17lhWy,leti_mckellips_93@mrfood.local
94,Omar_Faruque_ovi_94,$2a$10$N9qo8uLOickgx2ZMRZoMyeIjZAgcfl7p92ldGxad68LJZdL17lhWy,omar_faruque_ovi_94@mrfood.local
95,Isaac_Hernandez_95,$2a$10$N9qo8uLOickgx2ZMRZoMyeIjZAgcfl7p92ldGxad68LJZdL17lhWy,isaac_hernandez_95@mrfood.local
96,user_96_96,$2a$10$N9qo8uLOickgx2ZMRZoMyeIjZAgcfl7p92ldGxad68LJZdL17lhWy,user_96_96@mrfood.local
97,Fernando_Engelbrecht_Ferns_97,$2a$10$N9qo8uLOickgx2ZMRZoMyeIjZAgcfl7p92ldGxad68LJZdL17lhWy,fernando_engelbrecht_ferns_97@mrfood.local
98,Giovanni_Vernengo_98,$2a$10$N9qo8uLOickgx2ZMRZoMyeIjZAgcfl7p92ldGxad68LJZdL17lhWy,giovanni_vernengo_98@mrfood.local
99,Sonny_Indriyanto_99,$2a$10$N9qo8uLOickgx2ZMRZoMyeIjZAgcfl7p92ldGxad68LJZdL17lhWy,sonny_indriyanto_99@mrfood.local
100,sergio_cumaio_100,$2a$10$N9qo8uLOickgx2ZMRZoMyeIjZAgcfl7p92ldGxad68LJZdL17lhWy,sergio_cumaio_100@mrfood.local
101,Sean_Smith_101,$2a$10$N9qo8uLOickgx2ZMRZoMyeIjZAgcfl7p92ldGxad68LJZdL17lhWy,sean_smith_101@mrfood.local
102,Qui_Williams_102,$2a$10$N9qo8uLOickgx2ZMRZoMyeIjZAgcfl7p92ldGxad68LJZdL17lhWy,qui_williams_102@mrfood.local
103,Yanairis_Perez_103,$2a$10$N9qo8uLOickgx2ZMRZoMyeIjZAgcfl7p92ldGxad68LJZdL17lhWy,yanairis_perez_103@mrfood.local
104,Savanna_Bowman_104,$2a$10$N9qo8uLOickgx2ZMRZoMyeIjZAgcfl7p92ldGxad68LJZdL17lhWy,savanna_bowman_104@mrfood.local
105,Maryann_Manisco_105,$2a$10$N9qo8uLOickgx2ZMRZoMyeIjZAgcfl7p92ldGxad68LJZdL17lhWy,maryann_manisco_105@mrfood.local
106,norby_szasznika_106,$2a$10$N9qo8uLOickgx2ZMRZoMyeIjZAgcfl7p92ldGxad68LJZdL17lhWy,norby_szasznika_106@mrfood.local
107,Heather_Goldsworthy_107,$2a$10$N9qo8uLOickgx2ZMRZoMyeIjZAgcfl7p92ldGxad68LJZdL17lhWy,heather_goldsworthy_107@mrfood.local
108,Mamadou_Aliou_Diallo_108,$2a$10$N9qo8uLOickgx2ZMRZoMyeIjZAgcfl7p92ldGxad68LJZdL17lhWy,mamadou_aliou_diallo_108@mrfood.local
109,Zaaheda_Hosein_109,$2a$10$N9qo8uLOickgx2ZMRZoMyeIjZAgcfl7p92ldGxad68LJZdL17lhWy,zaaheda_hosein_109@mrfood.local
110,Jason_Winget_110,$2a$10$N9qo8uLOickgx2ZMRZoMyeIjZAgcfl7p92ldGxad68LJZdL17lhWy,jason_winget_110@mrfood.local
111,Will_Baber_111,$2a$10$N9qo8uLOickgx2ZMRZoMyeIjZAgcfl7p92ldGxad68LJZdL17lhWy,will_baber_111@mrfood.local
112,Marco_Magno_112,$2a$10$N9qo8uLOickgx2ZMRZoMyeIjZAgcfl7p92ldGxad68LJZdL17lhWy,marco_magno_112@mrfood.local
113,Miguel_Bermudez_113,$2a$10$N9qo8uLOickgx2ZMRZoMyeIjZAgcfl7p92ldGxad68LJZdL17lhWy,miguel_bermudez_113@mrfood.local
114,Langkilde_Lab_114,$2a$10$N9qo8uLOickgx2ZMRZoMyeIjZAgcfl7p92ldGxad68LJZdL17lhWy,langkilde_lab_114@mrfood.local
115,Ben_Exler_115,$2a$10$N9qo8uLOickgx2ZMRZoMyeIjZAgcfl7p92ldGxad68LJZdL17lhWy,ben_exler_115@mrfood.local
116,Nakamura_Zen_116,$2a$10$N9qo8uLOickgx2ZMRZoMyeIjZAgcfl7p92ldGxad68LJZdL17lhWy,nakamura_zen_116@mrfood.local
117,Daniel_Dussan_117,$2a$10$N9qo8uLOickgx2ZMRZoMyeIjZAgcfl7p92ldGxad68LJZdL17lhWy,daniel_dussan_117@mrfood.local
118,Anthony_Allen_118,$2a$10$N9qo8uLOickgx2ZMRZoMyeIjZAgcfl7p92ldGxad68LJZdL17lhWy,anthony_allen_118@mrfood.local
119,Jennifer_Gross_119,$2a$10$N9qo8uLOickgx2ZMRZoMyeIjZAgcfl7p92ldGxad68LJZdL17lhWy,jennifer_gross_119@mrfood.local
120,Ashley_Ti_120,$2a$10$N9qo8uLOickgx2ZMRZoMyeIjZAgcfl7p92ldGxad68LJZdL17lhWy,ashley_ti_120@mrfood.local
121,Todd_Blackburn_121,$2a$10$N9qo8uLOickgx2ZMRZoMyeIjZAgcfl7p92ldGxad68LJZdL17lhWy,todd_blackburn_121@mrfood.local
122,Kartik_Joshi_122,$2a$10$N9qo8uLOickgx2ZMRZoMyeIjZAgcfl7p92ldGxad68LJZdL17lhWy,kartik_joshi_122@mrfood.local
123,Fernando_Bonassi_123,$2a$10$N9qo8uLOickgx2ZMRZoMyeIjZAgcfl7p92ldGxad68LJZdL17lhWy,fernando_bonassi_123@mrfood.local
124,Angelique_Archer_Angel_124,$2a$10$N9qo8uLOickgx2ZMRZoMyeIjZAgcfl7p92ldGxad68LJZdL17lhWy,angelique_archer_angel_124@mrfood.local
125,Andrew_Wallace_125,$2a$10$N9qo8uLOickgx2ZMRZoMyeIjZAgcfl7p92ldGxad68LJZdL17lhWy,andrew_wallace_125@mrfood.local
126,Jim_Kelly_126,$2a$10$N9qo8uLOickgx2ZMRZoMyeIjZAgcfl7p92ldGxad68LJZdL17lhWy,jim_kelly_126@mrfood.local
127,dawid_michalik_127,$2a$10$N9qo8uLOickgx2ZMRZoMyeIjZAgcfl7p92ldGxad68LJZdL17lhWy,dawid_michalik_127@mrfood.local
128,Rolo_Decartel_128,$2a$10$N9qo8uLOickgx2ZMRZoMyeIjZAgcfl7p92ldGxad68LJZdL17lhWy,rolo_decartel_128@mrfood.local
129,James_Krater_129,$2a$10$N9qo8uLOickgx2ZMRZoMyeIjZAgcfl7p92ldGxad68LJZdL17lhWy,james_krater_129@mrfood.local
130,Yordanka_Ilieva_130,$2a$10$N9qo8uLOickgx2ZMRZoMyeIjZAgcfl7p92ldGxad68LJZdL17lhWy,yordanka_ilieva_130@mrfood.local
131,King_Jagger_131,$2a$10$N9qo8uLOickgx2ZMRZoMyeIjZAgcfl7p92ldGxad68LJZdL17lhWy,king_jagger_131@mrfood.local
132,Chris_Johnson_132,$2a$10$N9qo8uLOickgx2ZMRZoMyeIjZAgcfl7p92ldGxad68LJZdL17lhWy,chris_johnson_132@mrfood.local
133,Jason_Brashear_133,$2a$10$N9qo8uLOickgx2ZMRZoMyeIjZAgcfl7p92ldGxad68LJZdL17lhWy,jason_brashear_133@mrfood.local
134,Brandon_Heath_134,$2a$10$N9qo8uLOickgx2ZMRZoMyeIjZAgcfl7p92ldGxad68LJZdL17lhWy,brandon_heath_134@mrfood.local
135,Aur_lie_Balmy_135,$2a$10$N9qo8uLOickgx2ZMRZoMyeIjZAgcfl7p92ldGxad68LJZdL17lhWy,aur_lie_balmy_135@mrfood.local
136,Cristobal_Saavedra_136,$2a$10$N9qo8uLOickgx2ZMRZoMyeIjZAgcfl7p92ldGxad68LJZdL17lhWy,cristobal_saavedra_136@mrfood.local
137,ILana_Cohn_137,$2a$10$N9qo8uLOickgx2ZMRZoMyeIjZAgcfl7p92ldGxad68LJZdL17lhWy,ilana_cohn_137@mrfood.local
138,Ashton_Marlow_138,$2a$10$N9qo8uLOickgx2ZMRZoMyeIjZAgcfl7p92ldGxad68LJZdL17lhWy,ashton_marlow_138@mrfood.local
139,Raymond_Schmidt_139,$2a$10$N9qo8uLOickgx2ZMRZoMyeIjZAgcfl7p92ldGxad68LJZdL17lhWy,raymond_schmidt_139@mrfood.local
140,Peter_Agins_140,$2a$10$N9qo8uLOickgx2ZMRZoMyeIjZAgcfl7p92ldGxad68LJZdL17lhWy,peter_agins_140@mrfood.local
141,Linette_Ida_141,$2a$10$N9qo8uLOickgx2ZMRZoMyeIjZAgcfl7p92ldGxad68LJZdL17lhWy,linette_ida_141@mrfood.local
142,Jon_Bredensteiner_Willy_142,$2a$10$N9qo8uLOickgx2ZMRZoMyeIjZAgcfl7p92ldGxad68LJZdL17lhWy,jon_bredensteiner_willy_142@mrfood.local
143,raneesh_kh_143,$2a$10$N9qo8uLOickgx2ZMRZoMyeIjZAgcfl7p92ldGxad68LJZdL17lhWy,raneesh_kh_143@mrfood.local
144,Mychele_Hamilton_144,$2a$10$N9qo8uLOickgx2ZMRZoMyeIjZAgcfl7p92ldGxad68LJZdL17lhWy,mychele_hamilton_144@mrfood.local
145,Artur_Ant_nio_Oliveira_Artur_145,$2a$10$N9qo8uLOickgx2ZMRZoMyeIjZAgcfl7p92ldGxad68LJZdL17lhWy,artur_ant_nio_oliveira_artur_145@mrfood.local
146,Lewis_Small_146,$2a$10$N9qo8uLOickgx2ZMRZoMyeIjZAgcfl7p92ldGxad68LJZdL17lhWy,lewis_small_146@mrfood.local
147,Bob_Rhome_147,$2a$10$N9qo8uLOickgx2ZMRZoMyeIjZAgcfl7p92ldGxad68LJZdL17lhWy,bob_rhome_147@mrfood.local
148,Angel_Ibarra_148,$2a$10$N9qo8uLOickgx2ZMRZoMyeIjZAgcfl7p92ldGxad68LJZdL17lhWy,angel_ibarra_148@mrfood.local
149,Marko_tokelj_149,$2a$10$N9qo8uLOickgx2ZMRZoMyeIjZAgcfl7p92ldGxad68LJZdL17lhWy,marko_tokelj_149@mrfood.local
150,Christophe_VILACA_150,$2a$10$N9qo8uLOickgx2ZMRZoMyeIjZAgcfl7p92ldGxad68LJZdL17lhWy,christophe_vilaca_150@mrfood.local
151,Michael_Reimer_151,$2a$10$N9qo8uLOickgx2ZMRZoMyeIjZAgcfl7p92ldGxad68LJZdL17lhWy,michael_reimer_151@mrfood.local
152,Erica_Neizvestny_152,$2a$10$N9qo8uLOickgx2ZMRZoMyeIjZAgcfl7p92ldGxad68LJZdL17lhWy,erica_neizvestny_152@mrfood.local
153,Mariano_Mallica_153,$2a$10$N9qo8uLOickgx2ZMRZoMyeIjZAgcfl7p92ldGxad68LJZdL17lhWy,mariano_mallica_153@mrfood.local
154,Doris_Driver_154,$2a$10$N9qo8uLOickgx2ZMRZoMyeIjZAgcfl7p92ldGxad68LJZdL17lhWy,doris_driver_154@mrfood.local
155,Antonio_Shanklin_155,$2a$10$N9qo8uLOickgx2ZMRZoMyeIjZAgcfl7p92ldGxad68LJZdL17lhWy,antonio_shanklin_155@mrfood.local
156,Will_Marks_156,$2a$10$N9qo8uLOickgx2ZMRZoMyeIjZAgcfl7p92ldGxad68LJZdL17lhWy,will_marks_156@mrfood.local
157,marco_screti_157,$2a$10$N9qo8uLOickgx2ZMRZoMyeIjZAgcfl7p92ldGxad68LJZdL17lhWy,marco_screti_157@mrfood.local
158,Michael_Marroun_158,$2a$10$N9qo8uLOickgx2ZMRZoMyeIjZAgcfl7p92ldGxad68LJZdL17lhWy,michael_marroun_158@mrfood.local
159,Jose_Manuel_Mart_n_159,$2a$10$N9qo8uLOickgx2ZMRZoMyeIjZAgcfl7p92ldGxad68LJZdL17lhWy,jose_manuel_mart_n_159@mrfood.local
160,Lenny_Foderaro_160,$2a$10$N9qo8uLOickgx2ZMRZoMyeIjZAgcfl7p92ldGxad68LJZdL17lhWy,lenny_foderaro_160@mrfood.local
161,Michael_Jenkins_161,$2a$10$N9qo8uLOickgx2ZMRZoMyeIjZAgcfl7p92ldGxad68LJZdL17lhWy,michael_jenkins_161@mrfood.local
162,donovan_selman_162,$2a$10$N9qo8uLOickgx2ZMRZoMyeIjZAgcfl7p92ldGxad68LJZdL17lhWy,donovan_selman_162@mrfood.local
163,Mary_Gainza_163,$2a$10$N9qo8uLOickgx2ZMRZoMyeIjZAgcfl7p92ldGxad68LJZdL17lhWy,mary_gainza_163@mrfood.local
164,John_Roy_164,$2a$10$N9qo8uLOickgx2ZMRZoMyeIjZAgcfl7p92ldGxad68LJZdL17lhWy,john_roy_164@mrfood.local
165,Stephen_Morris_165,$2a$10$N9qo8uLOickgx2ZMRZoMyeIjZAgcfl7p92ldGxad68LJZdL17lhWy,stephen_morris_165@mrfood.local
166,Sneza_Saw_166,$2a$10$N9qo8uLOickgx2ZMRZoMyeIjZAgcfl7p92ldGxad68LJZdL17lhWy,sneza_saw_166@mrfood.local
167,nder_zt_rk_167,$2a$10$N9qo8uLOickgx2ZMRZoMyeIjZAgcfl7p92ldGxad68LJZdL17lhWy,nder_zt_rk_167@mrfood.local
168,mary_balme_168,$2a$10$N9qo8uLOickgx2ZMRZoMyeIjZAgcfl7p92ldGxad68LJZdL17lhWy,mary_balme_168@mrfood.local
169,Nadya_Corazza_169,$2a$10$N9qo8uLOickgx2ZMRZoMyeIjZAgcfl7p92ldGxad68LJZdL17lhWy,nadya_corazza_169@mrfood.local
170,Tom_Hughes_170,$2a$10$N9qo8uLOickgx2ZMRZoMyeIjZAgcfl7p92ldGxad68LJZdL17lhWy,tom_hughes_170@mrfood.local
171,mathieu_plovie_171,$2a$10$N9qo8uLOickgx2ZMRZoMyeIjZAgcfl7p92ldGxad68LJZdL17lhWy,mathieu_plovie_171@mrfood.local
172,Fortunato_Gennaro_Fucci_172,$2a$10$N9qo8uLOickgx2ZMRZoMyeIjZAgcfl7p92ldGxad68LJZdL17lhWy,fortunato_gennaro_fucci_172@mrfood.local
173,Patty_Landis_173,$2a$10$N9qo8uLOickgx2ZMRZoMyeIjZAgcfl7p92ldGxad68LJZdL17lhWy,patty_landis_173@mrfood.local
174,Alistair_Gillies_174,$2a$10$N9qo8uLOickgx2ZMRZoMyeIjZAgcfl7p92ldGxad68LJZdL17lhWy,alistair_gillies_174@mrfood.local
175,Terry_Thomas_175,$2a$10$N9qo8uLOickgx2ZMRZoMyeIjZAgcfl7p92ldGxad68LJZdL17lhWy,terry_thomas_175@mrfood.local
176,St_phane_Simard_176,$2a$10$N9qo8uLOickgx2ZMRZoMyeIjZAgcfl7p92ldGxad68LJZdL17lhWy,st_phane_simard_176@mrfood.local
177,iLoVeToSiNg1001_177,$2a$10$N9qo8uLOickgx2ZMRZoMyeIjZAgcfl7p92ldGxad68LJZdL17lhWy,ilovetosing1001_177@mrfood.local
178,Angelo_De_Maio_178,$2a$10$N9qo8uLOickgx2ZMRZoMyeIjZAgcfl7p92ldGxad68LJZdL17lhWy,angelo_de_maio_178@mrfood.local
179,zeeshan_Ahmad_179,$2a$10$N9qo8uLOickgx2ZMRZoMyeIjZAgcfl7p92ldGxad68LJZdL17lhWy,zeeshan_ahmad_179@mrfood.local
180,David_Dollar_180,$2a$10$N9qo8uLOickgx2ZMRZoMyeIjZAgcfl7p92ldGxad68LJZdL17lhWy,david_dollar_180@mrfood.local
181,Alexandra_Jelinek_181,$2a$10$N9qo8uLOickgx2ZMRZoMyeIjZAgcfl7p92ldGxad68LJZdL17lhWy,alexandra_jelinek_181@mrfood.local
182,ronald_a_lee_182,$2a$10$N9qo8uLOickgx2ZMRZoMyeIjZAgcfl7p92ldGxad68LJZdL17lhWy,ronald_a_lee_182@mrfood.local
183,Philip_Tracey_183,$2a$10$N9qo8uLOickgx2ZMRZoMyeIjZAgcfl7p92ldGxad68LJZdL17lhWy,philip_tracey_183@mrfood.local
184,Annmarie_Kostyk_184,$2a$10$N9qo8uLOickgx2ZMRZoMyeIjZAgcfl7p92ldGxad68LJZdL17lhWy,annmarie_kostyk_184@mrfood.local
185,Walter_White_185,$2a$10$N9qo8uLOickgx2ZMRZoMyeIjZAgcfl7p92ldGxad68LJZdL17lhWy,walter_white_185@mrfood.local
186,Taline_M_186,$2a$10$N9qo8uLOickgx2ZMRZoMyeIjZAgcfl7p92ldGxad68LJZdL17lhWy,taline_m_186@mrfood.local
187,joseph_dougherty_187,$2a$10$N9qo8uLOickgx2ZMRZoMyeIjZAgcfl7p92ldGxad68LJZdL17lhWy,joseph_dougherty_187@mrfood.local
188,Wolfgang_Henopp_188,$2a$10$N9qo8uLOickgx2ZMRZoMyeIjZAgcfl7p92ldGxad68LJZdL17lhWy,wolfgang_henopp_188@mrfood.local
189,Suzanne_Lander_189,$2a$10$N9qo8uLOickgx2ZMRZoMyeIjZAgcfl7p92ldGxad68LJZdL17lhWy,suzanne_lander_189@mrfood.local
190,Kay_Brown_190,$2a$10$N9qo8uLOickgx2ZMRZoMyeIjZAgcfl7p92ldGxad68LJZdL17lhWy,kay_brown_190@mrfood.local
191,Tony_Fuller_191,$2a$10$N9qo8uLOickgx2ZMRZoMyeIjZAgcfl7p92ldGxad68LJZdL17lhWy,tony_fuller_191@mrfood.local
192,Kristie_Hall_192,$2a$10$N9qo8uLOickgx2ZMRZoMyeIjZAgcfl7p92ldGxad68LJZdL17lhWy,kristie_hall_192@mrfood.local
193,Andrew_Hull_193,$2a$10$N9qo8uLOickgx2ZMRZoMyeIjZAgcfl7p92ldGxad68LJZdL17lhWy,andrew_hull_193@mrfood.local
194,Brianna_Rhue_194,$2a$10$N9qo8uLOickgx2ZMRZoMyeIjZAgcfl7p92ldGxad68LJZdL17lhWy,brianna_rhue_194@mrfood.local
195,Colton_Hallford_195,$2a$10$N9qo8uLOickgx2ZMRZoMyeIjZAgcfl7p92ldGxad68LJZdL17lhWy,colton_hallford_195@mrfood.local
196,Linda_Baker_196,$2a$10$N9qo8uLOickgx2ZMRZoMyeIjZAgcfl7p92ldGxad68LJZdL17lhWy,linda_baker_196@mrfood.local
197,Zozo_Sharbjy_197,$2a$10$N9qo8uLOickgx2ZMRZoMyeIjZAgcfl7p92ldGxad68LJZdL17lhWy,zozo_sharbjy_197@mrfood.local
198,Rehman_Beshirov_198,$2a$10$N9qo8uLOickgx2ZMRZoMyeIjZAgcfl7p92ldGxad68LJZdL17lhWy,rehman_beshirov_198@mrfood.local
199,JiCk_Li_199,$2a$10$N9qo8uLOickgx2ZMRZoMyeIjZAgcfl7p92ldGxad68LJZdL17lhWy,jick_li_199@mrfood.local
200,Wolfgang_Graf_200,$2a$10$N9qo8uLOickgx2ZMRZoMyeIjZAgcfl7p92ldGxad68LJZdL17lhWy,wolfgang_graf_200@mrfood.local
